<?xml version="1.0" encoding="UTF-8" ?>
<config>
	<!-- 应用服务器地址 -->
	<appServerAddress>bpm.cg.com</appServerAddress>
	<!-- 应用服务器端口 -->
	<appServerPort>80</appServerPort>
	<!-- 应用服务器名称 -->
	<appServerName>default</appServerName>
	<!-- 客户端启动后的入口应用ID -->
	<entryAppId>CG_Approve_App</entryAppId>
	<!-- 入口应用的首页 -->
	<entryPage>/welcome.html</entryPage>
	<!-- 是否显示顶部状态栏 -->
	<showStatusBar>false</showStatusBar>

	<!-- 客户端版本 -->
    <clientversion>2.0</clientversion>
    <!-- 当前皮肤 -->
    <theme>default</theme>
	<appServerSecurityPort>8443</appServerSecurityPort>
    <maxImageCache>50</maxImageCache><!-- 图片缓存最大容量，单位M -->
    <maxImageCacheTime>24</maxImageCacheTime><!-- 图片缓存最大时间，单位 小时 -->
    <notifyToken></notifyToken> <!-- 消息服务的令牌 -->
    <pageEffectIn> </pageEffectIn ><!--过场动画效果  -->
    <pageEffectOut> </pageEffectOut>
	<appServerSecurityMode>false</appServerSecurityMode>
	<messageServerAddress>192.168.1.61</messageServerAddress>
	<messageServerPort>1883</messageServerPort>
	<seqId></seqId><!-- 最后保存的消息序列号 -->
	<pageSize>10</pageSize><!-- 消息查询每页条数 -->
	<debugServerUrl>192.168.3.103:8088</debugServerUrl>
	<debugMode>false</debugMode>
	<jsDebugEnable>false</jsDebugEnable>
	<logLevel>0</logLevel>
    <!--应用服务器地址  -->
</config>
